parent_event_id,parent_event_slug,parent_event_title,parent_series_slug,parent_end_date_intended,parent_end_date_actual_resolution,market_slug,group_item_title,group_item_threshold,closed,end_date,created_at,_fetched_at,token_id,in_observed_export,token_map_status
901489,fed-interest-rates-july-2022,Fed Interest Rates July 2022,fed-interest-rates,2022-07-27T00:00:00Z,2023-03-22T18:40:42.742Z,will-the-fed-set-interest-rates-above-2pt00-after-their-scheduled-july-meeting,Above 2.00% after July meeting? (50 bps or more),2,True,2022-07-27T00:00:00Z,2022-06-10T15:51:41.932Z,,4.38517585860193E+076,1,ok
901489,fed-interest-rates-july-2022,Fed Interest Rates July 2022,fed-interest-rates,2022-07-27T00:00:00Z,2023-03-22T18:40:42.742Z,will-the-fed-set-interest-rates-above-2pt00-after-their-scheduled-july-meeting,Above 2.00% after July meeting? (50 bps or more),2,True,2022-07-27T00:00:00Z,2022-06-10T15:51:41.932Z,,3.82524247519024E+076,1,ok
901489,fed-interest-rates-july-2022,Fed Interest Rates July 2022,fed-interest-rates,2022-07-27T00:00:00Z,2023-03-22T18:40:42.742Z,will-the-fed-set-interest-rates-above-2pt25-after-their-scheduled-july-meeting,Above 2.25% after July meeting? (75 bps or more),3,True,2022-07-27T00:00:00Z,2022-06-14T20:39:45.109Z,,6.00589666720183E+076,1,ok
901489,fed-interest-rates-july-2022,Fed Interest Rates July 2022,fed-interest-rates,2022-07-27T00:00:00Z,2023-03-22T18:40:42.742Z,will-the-fed-set-interest-rates-above-2pt25-after-their-scheduled-july-meeting,Above 2.25% after July meeting? (75 bps or more),3,True,2022-07-27T00:00:00Z,2022-06-14T20:39:45.109Z,,7.35118275224451E+076,1,ok
901489,fed-interest-rates-july-2022,Fed Interest Rates July 2022,fed-interest-rates,2022-07-27T00:00:00Z,2023-03-22T18:40:42.742Z,will-the-fed-set-interest-rates-above-2pt50-100-bips-or-more-after-their-scheduled-july-meeting,Above 2.50% after July meeting? (100 bps or more),4,True,2022-07-27T00:00:00Z,2022-06-15T19:02:37.191Z,,9.81598635364591E+076,1,ok
901489,fed-interest-rates-july-2022,Fed Interest Rates July 2022,fed-interest-rates,2022-07-27T00:00:00Z,2023-03-22T18:40:42.742Z,will-the-fed-set-interest-rates-above-2pt50-100-bips-or-more-after-their-scheduled-july-meeting,Above 2.50% after July meeting? (100 bps or more),4,True,2022-07-27T00:00:00Z,2022-06-15T19:02:37.191Z,,1.06563477720399E+077,1,ok
901490,fed-interest-rates-september-2022,Fed Interest Rates September 2022,fed-interest-rates,2022-09-21T00:00:00Z,2023-03-22T18:42:57.896Z,will-the-fed-increase-interest-rates-by-25-bps-after-their-september-meeting,25 bps increase after September meeting? ,12,True,2022-09-21T00:00:00Z,2022-07-28T16:15:07.657Z,,2.12617568617842E+076,1,ok
901490,fed-interest-rates-september-2022,Fed Interest Rates September 2022,fed-interest-rates,2022-09-21T00:00:00Z,2023-03-22T18:42:57.896Z,will-the-fed-increase-interest-rates-by-25-bps-after-their-september-meeting,25 bps increase after September meeting? ,12,True,2022-09-21T00:00:00Z,2022-07-28T16:15:07.657Z,,1.04558034281444E+075,1,ok
901490,fed-interest-rates-september-2022,Fed Interest Rates September 2022,fed-interest-rates,2022-09-21T00:00:00Z,2023-03-22T18:42:57.896Z,will-the-fed-increase-interest-rates-by-50-bps-after-their-september-meeting,50 bps increase after September meeting? ,14,True,2022-09-21T00:00:00Z,2022-07-27T21:25:55.666Z,,,1,missing_slug_in_map
901490,fed-interest-rates-september-2022,Fed Interest Rates September 2022,fed-interest-rates,2022-09-21T00:00:00Z,2023-03-22T18:42:57.896Z,will-the-fed-increase-interest-rates-by-75-bps-after-their-september-meeting,75 bps increase after September meeting? ,15,True,2022-09-21T00:00:00Z,2022-07-27T21:04:54.351Z,,3.06497187939911E+076,1,ok
901490,fed-interest-rates-september-2022,Fed Interest Rates September 2022,fed-interest-rates,2022-09-21T00:00:00Z,2023-03-22T18:42:57.896Z,will-the-fed-increase-interest-rates-by-75-bps-after-their-september-meeting,75 bps increase after September meeting? ,15,True,2022-09-21T00:00:00Z,2022-07-27T21:04:54.351Z,,8.78958459532921E+076,1,ok
901490,fed-interest-rates-september-2022,Fed Interest Rates September 2022,fed-interest-rates,2022-09-21T00:00:00Z,2023-03-22T18:42:57.896Z,will-the-fed-increase-interest-rates-by-100-bps-after-their-september-meeting,100 bps increase after September meeting? ,16,True,2022-09-21T00:00:00Z,2022-07-27T23:25:50.673Z,,6.33439390077929E+076,1,ok
901490,fed-interest-rates-september-2022,Fed Interest Rates September 2022,fed-interest-rates,2022-09-21T00:00:00Z,2023-03-22T18:42:57.896Z,will-the-fed-increase-interest-rates-by-100-bps-after-their-september-meeting,100 bps increase after September meeting? ,16,True,2022-09-21T00:00:00Z,2022-07-27T23:25:50.673Z,,2.32129760271203E+076,1,ok
901491,fed-interest-rates-november-2022,Fed Interest Rates November 2022,fed-interest-rates,2022-11-02T00:00:00Z,2023-03-22T18:43:28.188Z,will-the-fed-increase-interest-rates-by-25-bps-after-its-november-meeting,25 bps increase after Nov meeting?,23,True,2022-11-02T00:00:00Z,2022-09-16T17:41:38.647Z,,5.78740718848945E+076,1,ok
901491,fed-interest-rates-november-2022,Fed Interest Rates November 2022,fed-interest-rates,2022-11-02T00:00:00Z,2023-03-22T18:43:28.188Z,will-the-fed-increase-interest-rates-by-25-bps-after-its-november-meeting,25 bps increase after Nov meeting?,23,True,2022-11-02T00:00:00Z,2022-09-16T17:41:38.647Z,,5.99904446824926E+076,1,ok
901491,fed-interest-rates-november-2022,Fed Interest Rates November 2022,fed-interest-rates,2022-11-02T00:00:00Z,2023-03-22T18:43:28.188Z,will-the-fed-increase-interest-rates-by-50-bps-after-its-november-meeting,50 bps increase after Nov meeting?,24,True,2022-11-02T00:00:00Z,2022-09-16T17:43:09.567Z,,3.36317277785327E+076,1,ok
901491,fed-interest-rates-november-2022,Fed Interest Rates November 2022,fed-interest-rates,2022-11-02T00:00:00Z,2023-03-22T18:43:28.188Z,will-the-fed-increase-interest-rates-by-50-bps-after-its-november-meeting,50 bps increase after Nov meeting?,24,True,2022-11-02T00:00:00Z,2022-09-16T17:43:09.567Z,,6.89111279056704E+076,1,ok
901491,fed-interest-rates-november-2022,Fed Interest Rates November 2022,fed-interest-rates,2022-11-02T00:00:00Z,2023-03-22T18:43:28.188Z,will-the-fed-increase-interest-rates-by-75-bps-after-its-november-meeting,75 bps increase after Nov meeting?,25,True,2022-11-02T00:00:00Z,2022-09-16T17:44:25.835Z,,4.57668643145352E+076,1,ok
901491,fed-interest-rates-november-2022,Fed Interest Rates November 2022,fed-interest-rates,2022-11-02T00:00:00Z,2023-03-22T18:43:28.188Z,will-the-fed-increase-interest-rates-by-75-bps-after-its-november-meeting,75 bps increase after Nov meeting?,25,True,2022-11-02T00:00:00Z,2022-09-16T17:44:25.835Z,,8.37095540658506E+076,1,ok
901491,fed-interest-rates-november-2022,Fed Interest Rates November 2022,fed-interest-rates,2022-11-02T00:00:00Z,2023-03-22T18:43:28.188Z,will-the-fed-increase-interest-rates-by-100-bps-after-its-november-meeting,100 bps increase after Nov meeting?,26,True,2022-11-02T00:00:00Z,2022-09-16T17:45:41.964Z,,1.1786783950838E+076,1,ok
901491,fed-interest-rates-november-2022,Fed Interest Rates November 2022,fed-interest-rates,2022-11-02T00:00:00Z,2023-03-22T18:43:28.188Z,will-the-fed-increase-interest-rates-by-100-bps-after-its-november-meeting,100 bps increase after Nov meeting?,26,True,2022-11-02T00:00:00Z,2022-09-16T17:45:41.964Z,,1.71382395120922E+076,1,ok
901492,fed-interest-rates-december-2022,Fed Interest Rates December 2022,fed-interest-rates,2022-12-14T00:00:00Z,2023-03-22T18:43:56.437Z,will-the-fed-increase-interest-rates-by-25-bps-after-its-december-meeting,25 bps increase after Dec meeting?,200,True,2022-12-14T00:00:00Z,2022-10-13T18:22:06.478Z,,6.42141120739294E+076,1,ok
901492,fed-interest-rates-december-2022,Fed Interest Rates December 2022,fed-interest-rates,2022-12-14T00:00:00Z,2023-03-22T18:43:56.437Z,will-the-fed-increase-interest-rates-by-25-bps-after-its-december-meeting,25 bps increase after Dec meeting?,200,True,2022-12-14T00:00:00Z,2022-10-13T18:22:06.478Z,,1.09071788736086E+077,1,ok
901492,fed-interest-rates-december-2022,Fed Interest Rates December 2022,fed-interest-rates,2022-12-14T00:00:00Z,2023-03-22T18:43:56.437Z,will-the-fed-increase-interest-rates-by-50-bps-after-its-december-meeting,50 bps increase after Dec meeting?,201,True,2022-12-14T00:00:00Z,2022-10-13T18:25:46.176Z,,7.7306573616845E+076,1,ok
901492,fed-interest-rates-december-2022,Fed Interest Rates December 2022,fed-interest-rates,2022-12-14T00:00:00Z,2023-03-22T18:43:56.437Z,will-the-fed-increase-interest-rates-by-50-bps-after-its-december-meeting,50 bps increase after Dec meeting?,201,True,2022-12-14T00:00:00Z,2022-10-13T18:25:46.176Z,,9.57916795760397E+076,1,ok
901492,fed-interest-rates-december-2022,Fed Interest Rates December 2022,fed-interest-rates,2022-12-14T00:00:00Z,2023-03-22T18:43:56.437Z,will-the-fed-increase-interest-rates-by-75-bps-after-its-december-meeting,75 bps increase after Dec meeting?,203,True,2022-12-14T00:00:00Z,2022-10-13T18:29:14.3Z,,2.85536796955939E+076,1,ok
901492,fed-interest-rates-december-2022,Fed Interest Rates December 2022,fed-interest-rates,2022-12-14T00:00:00Z,2023-03-22T18:43:56.437Z,will-the-fed-increase-interest-rates-by-75-bps-after-its-december-meeting,75 bps increase after Dec meeting?,203,True,2022-12-14T00:00:00Z,2022-10-13T18:29:14.3Z,,1.10605363229849E+077,1,ok
901492,fed-interest-rates-december-2022,Fed Interest Rates December 2022,fed-interest-rates,2022-12-14T00:00:00Z,2023-03-22T18:43:56.437Z,will-the-fed-increase-interest-rates-by-100-bps-after-its-december-meeting,100 bps increase after Dec meeting?,204,True,2022-12-14T00:00:00Z,2022-10-13T18:30:26.483Z,,1.77776488399923E+076,1,ok
901492,fed-interest-rates-december-2022,Fed Interest Rates December 2022,fed-interest-rates,2022-12-14T00:00:00Z,2023-03-22T18:43:56.437Z,will-the-fed-increase-interest-rates-by-100-bps-after-its-december-meeting,100 bps increase after Dec meeting?,204,True,2022-12-14T00:00:00Z,2022-10-13T18:30:26.483Z,,3.24731589435911E+076,1,ok
901493,fed-interest-rates-february-2023,Fed Interest Rates February 2023,fed-interest-rates,2023-02-01T00:00:00Z,2023-03-22T18:44:34.777Z,will-the-fed-increase-interest-rates-by-0-bps-after-its-february-meeting,No increase after Feb meeting?,100,True,2023-02-01T00:00:00Z,2022-12-14T23:18:31.537Z,,5.08408230404916E+076,1,ok
901493,fed-interest-rates-february-2023,Fed Interest Rates February 2023,fed-interest-rates,2023-02-01T00:00:00Z,2023-03-22T18:44:34.777Z,will-the-fed-increase-interest-rates-by-0-bps-after-its-february-meeting,No increase after Feb meeting?,100,True,2023-02-01T00:00:00Z,2022-12-14T23:18:31.537Z,,1.67982409542175E+076,1,ok
901493,fed-interest-rates-february-2023,Fed Interest Rates February 2023,fed-interest-rates,2023-02-01T00:00:00Z,2023-03-22T18:44:34.777Z,will-the-fed-increase-interest-rates-by-25-bps-after-its-february-meeting,25 bps increase after Feb meeting?,101,True,2023-02-01T00:00:00Z,2022-12-14T23:23:56.982Z,,1.02122366921729E+077,1,ok
901493,fed-interest-rates-february-2023,Fed Interest Rates February 2023,fed-interest-rates,2023-02-01T00:00:00Z,2023-03-22T18:44:34.777Z,will-the-fed-increase-interest-rates-by-25-bps-after-its-february-meeting,25 bps increase after Feb meeting?,101,True,2023-02-01T00:00:00Z,2022-12-14T23:23:56.982Z,,1.09795594280314E+075,1,ok
901493,fed-interest-rates-february-2023,Fed Interest Rates February 2023,fed-interest-rates,2023-02-01T00:00:00Z,2023-03-22T18:44:34.777Z,will-the-fed-increase-interest-rates-by-50-bps-after-its-february-meeting,50 bps increase after Feb meeting?,102,True,2023-02-01T00:00:00Z,2022-12-14T23:26:33.705Z,,4.79640045841072E+076,1,ok
901493,fed-interest-rates-february-2023,Fed Interest Rates February 2023,fed-interest-rates,2023-02-01T00:00:00Z,2023-03-22T18:44:34.777Z,will-the-fed-increase-interest-rates-by-50-bps-after-its-february-meeting,50 bps increase after Feb meeting?,102,True,2023-02-01T00:00:00Z,2022-12-14T23:26:33.705Z,,6.29673436440016E+076,1,ok
901493,fed-interest-rates-february-2023,Fed Interest Rates February 2023,fed-interest-rates,2023-02-01T00:00:00Z,2023-03-22T18:44:34.777Z,will-the-fed-increase-interest-rates-by-75-bps-after-its-february-meeting,75 bps increase after Feb meeting?,103,True,2023-02-01T00:00:00Z,2022-12-14T23:28:06.317Z,,9.21025048827211E+076,1,ok
901493,fed-interest-rates-february-2023,Fed Interest Rates February 2023,fed-interest-rates,2023-02-01T00:00:00Z,2023-03-22T18:44:34.777Z,will-the-fed-increase-interest-rates-by-75-bps-after-its-february-meeting,75 bps increase after Feb meeting?,103,True,2023-02-01T00:00:00Z,2022-12-14T23:28:06.317Z,,2.28361533628285E+076,1,ok
901498,fed-interest-rates-march-2023,Fed Interest Rates March 2023,fed-interest-rates,2023-03-22T00:00:00Z,2023-03-22T20:34:40Z,will-the-fed-decrease-interest-rates-by-25-bps-after-its-march-meeting,25 bps decrease after March meeting?,1,True,2023-03-22T00:00:00Z,2023-02-01T21:56:33.06Z,,1.00609607625182E+077,1,ok
901498,fed-interest-rates-march-2023,Fed Interest Rates March 2023,fed-interest-rates,2023-03-22T00:00:00Z,2023-03-22T20:34:40Z,will-the-fed-decrease-interest-rates-by-25-bps-after-its-march-meeting,25 bps decrease after March meeting?,1,True,2023-03-22T00:00:00Z,2023-02-01T21:56:33.06Z,,5.95049789838337E+075,1,ok
901498,fed-interest-rates-march-2023,Fed Interest Rates March 2023,fed-interest-rates,2023-03-22T00:00:00Z,2023-03-22T20:34:40Z,will-the-fed-increase-interest-rates-by-0-bps-after-its-march-meeting,No increase after March meeting?,2,True,2023-03-22T00:00:00Z,2023-02-01T21:56:33.09Z,,5.43767787416835E+076,1,ok
901498,fed-interest-rates-march-2023,Fed Interest Rates March 2023,fed-interest-rates,2023-03-22T00:00:00Z,2023-03-22T20:34:40Z,will-the-fed-increase-interest-rates-by-0-bps-after-its-march-meeting,No increase after March meeting?,2,True,2023-03-22T00:00:00Z,2023-02-01T21:56:33.09Z,,9.73857980916323E+076,1,ok
901498,fed-interest-rates-march-2023,Fed Interest Rates March 2023,fed-interest-rates,2023-03-22T00:00:00Z,2023-03-22T20:34:40Z,will-the-fed-increase-interest-rates-by-25-bps-after-its-march-meeting,25 bps increase after March meeting?,3,True,2023-03-22T00:00:00Z,2023-02-01T21:56:33.094Z,,8.43585360767942E+076,1,ok
901498,fed-interest-rates-march-2023,Fed Interest Rates March 2023,fed-interest-rates,2023-03-22T00:00:00Z,2023-03-22T20:34:40Z,will-the-fed-increase-interest-rates-by-25-bps-after-its-march-meeting,25 bps increase after March meeting?,3,True,2023-03-22T00:00:00Z,2023-02-01T21:56:33.094Z,,7.22946661407544E+076,1,ok
901498,fed-interest-rates-march-2023,Fed Interest Rates March 2023,fed-interest-rates,2023-03-22T00:00:00Z,2023-03-22T20:34:40Z,will-the-fed-increase-interest-rates-by-50-bps-after-its-march-meeting,50 bps increase after March meeting?,4,True,2023-03-22T00:00:00Z,2023-02-01T21:56:33.094Z,,5.61594756203722E+075,1,ok
901498,fed-interest-rates-march-2023,Fed Interest Rates March 2023,fed-interest-rates,2023-03-22T00:00:00Z,2023-03-22T20:34:40Z,will-the-fed-increase-interest-rates-by-50-bps-after-its-march-meeting,50 bps increase after March meeting?,4,True,2023-03-22T00:00:00Z,2023-02-01T21:56:33.094Z,,1.04732946420867E+077,1,ok
901497,fed-interest-rates-may-2023,Fed Interest Rates: May 2023,fed-interest-rates,2023-05-03T00:00:00Z,2023-05-03T20:06:25Z,will-the-fed-decrease-interest-rates-by-25-bps-after-its-may-meeting,25 bps decrease after May meeting?,1,True,2023-05-02T00:00:00Z,2023-03-22T18:47:21.113Z,,7.72096941592591E+076,1,ok
901497,fed-interest-rates-may-2023,Fed Interest Rates: May 2023,fed-interest-rates,2023-05-03T00:00:00Z,2023-05-03T20:06:25Z,will-the-fed-decrease-interest-rates-by-25-bps-after-its-may-meeting,25 bps decrease after May meeting?,1,True,2023-05-02T00:00:00Z,2023-03-22T18:47:21.113Z,,1.06894307989341E+077,1,ok
901497,fed-interest-rates-may-2023,Fed Interest Rates: May 2023,fed-interest-rates,2023-05-03T00:00:00Z,2023-05-03T20:06:25Z,will-the-fed-increase-interest-rates-by-0-bps-after-its-may-meeting,0 bps increase after May meeting?,2,True,2023-05-02T00:00:00Z,2023-03-22T18:49:56.845Z,,2.36500862630835E+076,1,ok
901497,fed-interest-rates-may-2023,Fed Interest Rates: May 2023,fed-interest-rates,2023-05-03T00:00:00Z,2023-05-03T20:06:25Z,will-the-fed-increase-interest-rates-by-0-bps-after-its-may-meeting,0 bps increase after May meeting?,2,True,2023-05-02T00:00:00Z,2023-03-22T18:49:56.845Z,,1.04718583022157E+076,1,ok
901497,fed-interest-rates-may-2023,Fed Interest Rates: May 2023,fed-interest-rates,2023-05-03T00:00:00Z,2023-05-03T20:06:25Z,will-the-fed-increase-interest-rates-by-25-bps-after-its-may-meeting,25 bps increase after May meeting?,3,True,2023-05-02T00:00:00Z,2023-03-22T18:52:00.649Z,,1.15350632289541E+077,1,ok
901497,fed-interest-rates-may-2023,Fed Interest Rates: May 2023,fed-interest-rates,2023-05-03T00:00:00Z,2023-05-03T20:06:25Z,will-the-fed-increase-interest-rates-by-25-bps-after-its-may-meeting,25 bps increase after May meeting?,3,True,2023-05-02T00:00:00Z,2023-03-22T18:52:00.649Z,,7.22470655095963E+076,1,ok
901497,fed-interest-rates-may-2023,Fed Interest Rates: May 2023,fed-interest-rates,2023-05-03T00:00:00Z,2023-05-03T20:06:25Z,will-the-fed-increase-interest-rates-by-50-bps-after-its-may-meeting,50 bps increase after May meeting?,4,True,2023-05-02T00:00:00Z,2023-03-22T18:52:58.337Z,,3.32615276696193E+076,1,ok
901497,fed-interest-rates-may-2023,Fed Interest Rates: May 2023,fed-interest-rates,2023-05-03T00:00:00Z,2023-05-03T20:06:25Z,will-the-fed-increase-interest-rates-by-50-bps-after-its-may-meeting,50 bps increase after May meeting?,4,True,2023-05-02T00:00:00Z,2023-03-22T18:52:58.337Z,,1.42388008861342E+076,1,ok
901796,fed-interest-rates-june-2023,Fed Interest Rates: June 2023,fed-interest-rates,2023-06-14T00:00:00Z,2023-06-14T20:16:50Z,will-the-fed-decrease-interest-rates-by-25-bps-after-its-june-meeting,25 bps decrease after June meeting?,1,True,2023-06-12T00:00:00Z,2023-05-03T15:09:15.984Z,,1.14282861978312E+077,1,ok
901796,fed-interest-rates-june-2023,Fed Interest Rates: June 2023,fed-interest-rates,2023-06-14T00:00:00Z,2023-06-14T20:16:50Z,will-the-fed-decrease-interest-rates-by-25-bps-after-its-june-meeting,25 bps decrease after June meeting?,1,True,2023-06-12T00:00:00Z,2023-05-03T15:09:15.984Z,,1.1934191160449E+076,1,ok
901796,fed-interest-rates-june-2023,Fed Interest Rates: June 2023,fed-interest-rates,2023-06-14T00:00:00Z,2023-06-14T20:16:50Z,will-the-fed-increase-interest-rates-by-0-bps-after-its-june-meeting,0 bps increase after June meeting?,2,True,2023-06-13T00:00:00Z,2023-05-03T15:10:57.66Z,,2.66729617100563E+074,1,ok
901796,fed-interest-rates-june-2023,Fed Interest Rates: June 2023,fed-interest-rates,2023-06-14T00:00:00Z,2023-06-14T20:16:50Z,will-the-fed-increase-interest-rates-by-0-bps-after-its-june-meeting,0 bps increase after June meeting?,2,True,2023-06-13T00:00:00Z,2023-05-03T15:10:57.66Z,,3.32351506712477E+076,1,ok
901796,fed-interest-rates-june-2023,Fed Interest Rates: June 2023,fed-interest-rates,2023-06-14T00:00:00Z,2023-06-14T20:16:50Z,will-the-fed-increase-interest-rates-by-25-bps-after-its-june-meeting,25 bps increase after June meeting?,3,True,2023-06-13T00:00:00Z,2023-05-03T15:10:57.712Z,,4.6371919720489E+076,1,ok
901796,fed-interest-rates-june-2023,Fed Interest Rates: June 2023,fed-interest-rates,2023-06-14T00:00:00Z,2023-06-14T20:16:50Z,will-the-fed-increase-interest-rates-by-25-bps-after-its-june-meeting,25 bps increase after June meeting?,3,True,2023-06-13T00:00:00Z,2023-05-03T15:10:57.712Z,,7.67800188968729E+076,1,ok
901796,fed-interest-rates-june-2023,Fed Interest Rates: June 2023,fed-interest-rates,2023-06-14T00:00:00Z,2023-06-14T20:16:50Z,will-the-fed-increase-interest-rates-by-50-bps-after-its-june-meeting,50 bps increase after June meeting?,4,True,2023-06-13T00:00:00Z,2023-05-03T15:10:57.72Z,,3.11058932967684E+076,1,ok
901796,fed-interest-rates-june-2023,Fed Interest Rates: June 2023,fed-interest-rates,2023-06-14T00:00:00Z,2023-06-14T20:16:50Z,will-the-fed-increase-interest-rates-by-50-bps-after-its-june-meeting,50 bps increase after June meeting?,4,True,2023-06-13T00:00:00Z,2023-05-03T15:10:57.72Z,,7.68772891637477E+076,1,ok
902049,fed-interest-rates-july-2023,Fed Interest Rates: July 2023,fed-interest-rates,2023-07-26T00:00:00Z,2023-07-26T20:18:02Z,will-the-fed-decrease-interest-rates-by-25-bps-after-its-july-meeting,25 bps decrease after July meeting?,1,True,2023-07-25T00:00:00Z,2023-06-12T19:51:57.745Z,,9.20201352374535E+076,1,ok
902049,fed-interest-rates-july-2023,Fed Interest Rates: July 2023,fed-interest-rates,2023-07-26T00:00:00Z,2023-07-26T20:18:02Z,will-the-fed-decrease-interest-rates-by-25-bps-after-its-july-meeting,25 bps decrease after July meeting?,1,True,2023-07-25T00:00:00Z,2023-06-12T19:51:57.745Z,,1.08385365277693E+077,1,ok
902049,fed-interest-rates-july-2023,Fed Interest Rates: July 2023,fed-interest-rates,2023-07-26T00:00:00Z,2023-07-26T20:18:02Z,will-the-fed-raise-interest-rates-by-0-bps-after-its-july-meeting,0 bps increase after July meeting?,2,True,2023-07-25T00:00:00Z,2023-06-12T19:51:57.772Z,,1.03021485206561E+077,1,ok
902049,fed-interest-rates-july-2023,Fed Interest Rates: July 2023,fed-interest-rates,2023-07-26T00:00:00Z,2023-07-26T20:18:02Z,will-the-fed-raise-interest-rates-by-0-bps-after-its-july-meeting,0 bps increase after July meeting?,2,True,2023-07-25T00:00:00Z,2023-06-12T19:51:57.772Z,,6.97599999180986E+075,1,ok
902049,fed-interest-rates-july-2023,Fed Interest Rates: July 2023,fed-interest-rates,2023-07-26T00:00:00Z,2023-07-26T20:18:02Z,will-the-fed-raise-interest-rates-by-25-bps-after-its-july-meeting,25 bps increase after July meeting?,3,True,2023-07-25T00:00:00Z,2023-06-12T19:51:57.775Z,,7.18379481058428E+076,1,ok
902049,fed-interest-rates-july-2023,Fed Interest Rates: July 2023,fed-interest-rates,2023-07-26T00:00:00Z,2023-07-26T20:18:02Z,will-the-fed-raise-interest-rates-by-25-bps-after-its-july-meeting,25 bps increase after July meeting?,3,True,2023-07-25T00:00:00Z,2023-06-12T19:51:57.775Z,,3.70134029908732E+076,1,ok
902233,fed-interest-rates-september-2023,Fed Interest Rates: September 2023,fed-interest-rates,2023-09-20T00:00:00Z,2023-09-20T20:20:01Z,will-the-fed-raise-interest-rates-by-0-bps-after-its-september-meeting,0 bps increase?,1,True,2023-09-20T00:00:00Z,2023-07-19T13:45:42.942Z,,7.01231907542182E+076,1,ok
902233,fed-interest-rates-september-2023,Fed Interest Rates: September 2023,fed-interest-rates,2023-09-20T00:00:00Z,2023-09-20T20:20:01Z,will-the-fed-raise-interest-rates-by-0-bps-after-its-september-meeting,0 bps increase?,1,True,2023-09-20T00:00:00Z,2023-07-19T13:45:42.942Z,,1.12716164541015E+077,1,ok
902233,fed-interest-rates-september-2023,Fed Interest Rates: September 2023,fed-interest-rates,2023-09-20T00:00:00Z,2023-09-20T20:20:01Z,will-the-fed-raise-interest-rates-by-25-bps-after-its-september-meeting,25 bps increase?,2,True,2023-09-20T00:00:00Z,2023-07-19T13:45:42.969Z,,7.36379170242786E+076,1,ok
902233,fed-interest-rates-september-2023,Fed Interest Rates: September 2023,fed-interest-rates,2023-09-20T00:00:00Z,2023-09-20T20:20:01Z,will-the-fed-raise-interest-rates-by-25-bps-after-its-september-meeting,25 bps increase?,2,True,2023-09-20T00:00:00Z,2023-07-19T13:45:42.969Z,,7.28033411014116E+076,1,ok
902512,fed-interest-rates-november-2023,Fed Interest Rates: November 2023,fed-interest-rates,2023-11-01T00:00:00Z,2023-11-01T20:07:58Z,will-the-fed-raise-interest-rates-by-0-bps-after-its-november-meeting-23,0 bps increase?,1,True,2023-10-31T00:00:00Z,2023-09-19T15:29:44.45Z,,6.44914590366495E+076,1,ok
902512,fed-interest-rates-november-2023,Fed Interest Rates: November 2023,fed-interest-rates,2023-11-01T00:00:00Z,2023-11-01T20:07:58Z,will-the-fed-raise-interest-rates-by-0-bps-after-its-november-meeting-23,0 bps increase?,1,True,2023-10-31T00:00:00Z,2023-09-19T15:29:44.45Z,,1.03724538365455E+076,1,ok
902512,fed-interest-rates-november-2023,Fed Interest Rates: November 2023,fed-interest-rates,2023-11-01T00:00:00Z,2023-11-01T20:07:58Z,will-the-fed-raise-interest-rates-by-25-bps-after-its-november-meeting-23,25 bps increase?,2,True,2023-10-31T00:00:00Z,2023-09-19T15:29:44.477Z,,2.55374528777821E+076,1,ok
902512,fed-interest-rates-november-2023,Fed Interest Rates: November 2023,fed-interest-rates,2023-11-01T00:00:00Z,2023-11-01T20:07:58Z,will-the-fed-raise-interest-rates-by-25-bps-after-its-november-meeting-23,25 bps increase?,2,True,2023-10-31T00:00:00Z,2023-09-19T15:29:44.477Z,,6.3109331799043E+075,1,ok
902721,fed-interest-rates-december-2023,Fed Interest Rates: December 2023,fed-interest-rates,2023-12-13T00:00:00Z,2023-12-13T21:06:24Z,will-the-fed-raise-interest-rates-by-0-bps-after-its-december-meeting,0 bps increase?,1,True,2023-12-12T00:00:00Z,2023-10-20T21:47:06.334Z,,1.24082300575504E+076,1,ok
902721,fed-interest-rates-december-2023,Fed Interest Rates: December 2023,fed-interest-rates,2023-12-13T00:00:00Z,2023-12-13T21:06:24Z,will-the-fed-raise-interest-rates-by-0-bps-after-its-december-meeting,0 bps increase?,1,True,2023-12-12T00:00:00Z,2023-10-20T21:47:06.334Z,,6.19748118903377E+075,1,ok
902721,fed-interest-rates-december-2023,Fed Interest Rates: December 2023,fed-interest-rates,2023-12-13T00:00:00Z,2023-12-13T21:06:24Z,will-the-fed-raise-interest-rates-by-25-bps-after-its-december-meeting,25 bps increase?,2,True,2023-12-13T00:00:00Z,2023-10-20T21:47:06.364Z,,1.15570981123842E+077,1,ok
902721,fed-interest-rates-december-2023,Fed Interest Rates: December 2023,fed-interest-rates,2023-12-13T00:00:00Z,2023-12-13T21:06:24Z,will-the-fed-raise-interest-rates-by-25-bps-after-its-december-meeting,25 bps increase?,2,True,2023-12-13T00:00:00Z,2023-10-20T21:47:06.364Z,,7.75520408527768E+076,1,ok
903022,fed-interest-rates-january-2024,Fed Interest Rates: January 2024,fed-interest-rates,2024-01-31T00:00:00Z,2024-01-31T21:15:18Z,will-the-fed-decrease-interest-rates-by-25-bps-after-its-january-meeting,25 bps decrease?,1,True,2024-01-31T00:00:00Z,2023-12-08T19:08:21.658Z,,7.45632796931578E+075,1,ok
903022,fed-interest-rates-january-2024,Fed Interest Rates: January 2024,fed-interest-rates,2024-01-31T00:00:00Z,2024-01-31T21:15:18Z,will-the-fed-decrease-interest-rates-by-25-bps-after-its-january-meeting,25 bps decrease?,1,True,2024-01-31T00:00:00Z,2023-12-08T19:08:21.658Z,,6.12611081541886E+076,1,ok
903022,fed-interest-rates-january-2024,Fed Interest Rates: January 2024,fed-interest-rates,2024-01-31T00:00:00Z,2024-01-31T21:15:18Z,will-the-fed-raise-interest-rates-by-0-bps-after-its-january-meeting,0 bps increase?,2,True,2024-01-31T00:00:00Z,2023-12-08T18:48:13.224Z,,5.91614537395488E+076,1,ok
903022,fed-interest-rates-january-2024,Fed Interest Rates: January 2024,fed-interest-rates,2024-01-31T00:00:00Z,2024-01-31T21:15:18Z,will-the-fed-raise-interest-rates-by-0-bps-after-its-january-meeting,0 bps increase?,2,True,2024-01-31T00:00:00Z,2023-12-08T18:48:13.224Z,,7.31866354102464E+076,1,ok
903022,fed-interest-rates-january-2024,Fed Interest Rates: January 2024,fed-interest-rates,2024-01-31T00:00:00Z,2024-01-31T21:15:18Z,will-the-fed-raise-interest-rates-by-25-bps-after-its-january-meeting,25 bps increase?,3,True,2024-01-31T00:00:00Z,2023-12-08T19:07:20.557Z,,5.18828810364001E+076,1,ok
903022,fed-interest-rates-january-2024,Fed Interest Rates: January 2024,fed-interest-rates,2024-01-31T00:00:00Z,2024-01-31T21:15:18Z,will-the-fed-raise-interest-rates-by-25-bps-after-its-january-meeting,25 bps increase?,3,True,2024-01-31T00:00:00Z,2023-12-08T19:07:20.557Z,,5.25239792173154E+076,1,ok
903377,fed-interest-rates-march-2024,Fed Interest Rates: March 2024,fed-interest-rates,2024-03-20T00:00:00Z,2024-03-21T03:19:35.802584Z,will-the-fed-decrease-interest-rates-by-50-bps-after-its-march-2024-meeting,50+ bps decrease,1,True,2024-03-18T00:00:00Z,2024-01-31T20:13:58.242Z,,1.19265109844676E+076,1,ok
903377,fed-interest-rates-march-2024,Fed Interest Rates: March 2024,fed-interest-rates,2024-03-20T00:00:00Z,2024-03-21T03:19:35.802584Z,will-the-fed-decrease-interest-rates-by-50-bps-after-its-march-2024-meeting,50+ bps decrease,1,True,2024-03-18T00:00:00Z,2024-01-31T20:13:58.242Z,,7.19967254756661E+076,1,ok
903377,fed-interest-rates-march-2024,Fed Interest Rates: March 2024,fed-interest-rates,2024-03-20T00:00:00Z,2024-03-21T03:19:35.802584Z,will-the-fed-decrease-interest-rates-by-25-bps-after-its-2024-march-meeting,25 bps decrease,2,True,2024-03-18T00:00:00Z,2024-01-31T20:13:58.429Z,,3.60774210281847E+076,1,ok
903377,fed-interest-rates-march-2024,Fed Interest Rates: March 2024,fed-interest-rates,2024-03-20T00:00:00Z,2024-03-21T03:19:35.802584Z,will-the-fed-decrease-interest-rates-by-25-bps-after-its-2024-march-meeting,25 bps decrease,2,True,2024-03-18T00:00:00Z,2024-01-31T20:13:58.429Z,,5.01990431236588E+076,1,ok
903377,fed-interest-rates-march-2024,Fed Interest Rates: March 2024,fed-interest-rates,2024-03-20T00:00:00Z,2024-03-21T03:19:35.802584Z,no-change-in-fed-raise-interest-rates-after-its-2024-march-meeting,No change,3,True,2024-03-18T00:00:00Z,2024-01-31T20:13:58.423Z,,5.17355909248942E+076,1,ok
903377,fed-interest-rates-march-2024,Fed Interest Rates: March 2024,fed-interest-rates,2024-03-20T00:00:00Z,2024-03-21T03:19:35.802584Z,no-change-in-fed-raise-interest-rates-after-its-2024-march-meeting,No change,3,True,2024-03-18T00:00:00Z,2024-01-31T20:13:58.423Z,,3.7677462944075E+076,1,ok
903377,fed-interest-rates-march-2024,Fed Interest Rates: March 2024,fed-interest-rates,2024-03-20T00:00:00Z,2024-03-21T03:19:35.802584Z,will-the-fed-raise-interest-rates-by-25-bps-after-its-2024-march-meeting,25+ bps increase,4,True,2024-03-18T00:00:00Z,2024-01-31T20:17:33.337Z,,1.00647932394525E+077,1,ok
903377,fed-interest-rates-march-2024,Fed Interest Rates: March 2024,fed-interest-rates,2024-03-20T00:00:00Z,2024-03-21T03:19:35.802584Z,will-the-fed-raise-interest-rates-by-25-bps-after-its-2024-march-meeting,25+ bps increase,4,True,2024-03-18T00:00:00Z,2024-01-31T20:17:33.337Z,,7.88093471435477E+076,1,ok
10098,fed-interest-rates-may-2024,Fed Interest Rates: May 2024,,2024-05-01T12:00:00Z,2024-05-01T21:14:06Z,will-the-fed-decrease-interest-rates-by-50-bps-after-its-aprilmay-2024-meeting,50+ bps decrease,0,True,2024-04-30T12:00:00Z,2024-03-20T19:33:08.948528Z,,1.96677688210358E+076,1,ok
10098,fed-interest-rates-may-2024,Fed Interest Rates: May 2024,,2024-05-01T12:00:00Z,2024-05-01T21:14:06Z,will-the-fed-decrease-interest-rates-by-50-bps-after-its-aprilmay-2024-meeting,50+ bps decrease,0,True,2024-04-30T12:00:00Z,2024-03-20T19:33:08.948528Z,,2.14601346414252E+076,1,ok
10098,fed-interest-rates-may-2024,Fed Interest Rates: May 2024,,2024-05-01T12:00:00Z,2024-05-01T21:14:06Z,will-the-fed-decrease-interest-rates-by-25-bps-after-its-2024-aprilmay-meeting,25 bps decrease,1,True,2024-04-30T12:00:00Z,2024-03-20T19:31:44.97056Z,,1.15747801363178E+077,1,ok
10098,fed-interest-rates-may-2024,Fed Interest Rates: May 2024,,2024-05-01T12:00:00Z,2024-05-01T21:14:06Z,will-the-fed-decrease-interest-rates-by-25-bps-after-its-2024-aprilmay-meeting,25 bps decrease,1,True,2024-04-30T12:00:00Z,2024-03-20T19:31:44.97056Z,,4.51511824207345E+076,1,ok
10098,fed-interest-rates-may-2024,Fed Interest Rates: May 2024,,2024-05-01T12:00:00Z,2024-05-01T21:14:06Z,no-change-in-fed-raise-interest-rates-after-its-2024-aprilmay-meeting,No Change,2,True,2024-04-30T12:00:00Z,2024-03-20T19:29:35.923659Z,,1.06069101498679E+077,1,ok
10098,fed-interest-rates-may-2024,Fed Interest Rates: May 2024,,2024-05-01T12:00:00Z,2024-05-01T21:14:06Z,no-change-in-fed-raise-interest-rates-after-its-2024-aprilmay-meeting,No Change,2,True,2024-04-30T12:00:00Z,2024-03-20T19:29:35.923659Z,,7.21413766680948E+076,1,ok
10098,fed-interest-rates-may-2024,Fed Interest Rates: May 2024,,2024-05-01T12:00:00Z,2024-05-01T21:14:06Z,will-the-fed-raise-interest-rates-by-25-bps-after-its-2024-aprilmay-meeting,25+ bps increase,3,True,2024-04-30T12:00:00Z,2024-03-20T19:28:30.765199Z,,8.00080140252967E+076,1,ok
10098,fed-interest-rates-may-2024,Fed Interest Rates: May 2024,,2024-05-01T12:00:00Z,2024-05-01T21:14:06Z,will-the-fed-raise-interest-rates-by-25-bps-after-its-2024-aprilmay-meeting,25+ bps increase,3,True,2024-04-30T12:00:00Z,2024-03-20T19:28:30.765199Z,,9.21717130672722E+075,1,ok
10535,fed-interest-rates-june-2024,Fed Interest Rates: June 2024,fed-interest-rates,2024-06-12T12:00:00Z,2024-06-12T21:22:25Z,fed-decreases-interest-rates-by-50-bps-after-june-2024-meeting,50+ bps decrease,0,True,2024-06-12T12:00:00Z,2024-05-01T14:42:46.536428Z,,1.05335949811124E+077,1,ok
10535,fed-interest-rates-june-2024,Fed Interest Rates: June 2024,fed-interest-rates,2024-06-12T12:00:00Z,2024-06-12T21:22:25Z,fed-decreases-interest-rates-by-50-bps-after-june-2024-meeting,50+ bps decrease,0,True,2024-06-12T12:00:00Z,2024-05-01T14:42:46.536428Z,,8.89779592594919E+076,1,ok
10535,fed-interest-rates-june-2024,Fed Interest Rates: June 2024,fed-interest-rates,2024-06-12T12:00:00Z,2024-06-12T21:22:25Z,fed-decreases-interest-rates-by-25-bps-after-june-2024-meeting,25 bps decrease,1,True,2024-06-12T12:00:00Z,2024-05-01T14:43:49.794978Z,,1.10024958657457E+077,1,ok
10535,fed-interest-rates-june-2024,Fed Interest Rates: June 2024,fed-interest-rates,2024-06-12T12:00:00Z,2024-06-12T21:22:25Z,fed-decreases-interest-rates-by-25-bps-after-june-2024-meeting,25 bps decrease,1,True,2024-06-12T12:00:00Z,2024-05-01T14:43:49.794978Z,,4.19232756531688E+076,1,ok
10535,fed-interest-rates-june-2024,Fed Interest Rates: June 2024,fed-interest-rates,2024-06-12T12:00:00Z,2024-06-12T21:22:25Z,no-change-in-fed-interest-rates-after-2024-june-meeting,No Change,2,True,2024-06-12T12:00:00Z,2024-05-01T14:46:06.316921Z,,8.84657041930158E+076,1,ok
10535,fed-interest-rates-june-2024,Fed Interest Rates: June 2024,fed-interest-rates,2024-06-12T12:00:00Z,2024-06-12T21:22:25Z,no-change-in-fed-interest-rates-after-2024-june-meeting,No Change,2,True,2024-06-12T12:00:00Z,2024-05-01T14:46:06.316921Z,,5.32244877537656E+076,1,ok
10535,fed-interest-rates-june-2024,Fed Interest Rates: June 2024,fed-interest-rates,2024-06-12T12:00:00Z,2024-06-12T21:22:25Z,fed-increases-interest-rates-by-25-bps-after-june-2024-meeting,25+ bps increase,3,True,2024-06-12T12:00:00Z,2024-05-01T14:47:54.031749Z,,9.04663669369335E+076,1,ok
10535,fed-interest-rates-june-2024,Fed Interest Rates: June 2024,fed-interest-rates,2024-06-12T12:00:00Z,2024-06-12T21:22:25Z,fed-increases-interest-rates-by-25-bps-after-june-2024-meeting,25+ bps increase,3,True,2024-06-12T12:00:00Z,2024-05-01T14:47:54.031749Z,,2.18946159346824E+074,1,ok
11074,fed-interest-rates-july-2024,Fed Interest Rates: July 2024,fed-interest-rates,2024-07-31T12:00:00Z,2024-07-31T21:15:10Z,fed-decreases-interest-rates-by-50-bps-after-july-2024-meeting,50+ bps decrease,0,True,2024-07-31T12:00:00Z,2024-06-12T18:17:44.946057Z,,5.84893271976667E+076,1,ok
11074,fed-interest-rates-july-2024,Fed Interest Rates: July 2024,fed-interest-rates,2024-07-31T12:00:00Z,2024-07-31T21:15:10Z,fed-decreases-interest-rates-by-50-bps-after-july-2024-meeting,50+ bps decrease,0,True,2024-07-31T12:00:00Z,2024-06-12T18:17:44.946057Z,,5.95540352729715E+076,1,ok
11074,fed-interest-rates-july-2024,Fed Interest Rates: July 2024,fed-interest-rates,2024-07-31T12:00:00Z,2024-07-31T21:15:10Z,fed-decreases-interest-rates-by-25-bps-after-july-2024-meeting,25 bps decrease,1,True,2024-07-31T12:00:00Z,2024-06-12T18:29:25.469418Z,,5.00069781525639E+076,1,ok
11074,fed-interest-rates-july-2024,Fed Interest Rates: July 2024,fed-interest-rates,2024-07-31T12:00:00Z,2024-07-31T21:15:10Z,fed-decreases-interest-rates-by-25-bps-after-july-2024-meeting,25 bps decrease,1,True,2024-07-31T12:00:00Z,2024-06-12T18:29:25.469418Z,,5.69800380216931E+076,1,ok
11074,fed-interest-rates-july-2024,Fed Interest Rates: July 2024,fed-interest-rates,2024-07-31T12:00:00Z,2024-07-31T21:15:10Z,no-change-in-fed-interest-rates-after-2024-july-meeting,No Change,2,True,2024-07-31T12:00:00Z,2024-06-12T18:38:57.336731Z,,1.49870462182273E+076,1,ok
11074,fed-interest-rates-july-2024,Fed Interest Rates: July 2024,fed-interest-rates,2024-07-31T12:00:00Z,2024-07-31T21:15:10Z,no-change-in-fed-interest-rates-after-2024-july-meeting,No Change,2,True,2024-07-31T12:00:00Z,2024-06-12T18:38:57.336731Z,,7.19140387733502E+076,1,ok
11074,fed-interest-rates-july-2024,Fed Interest Rates: July 2024,fed-interest-rates,2024-07-31T12:00:00Z,2024-07-31T21:15:10Z,fed-increases-interest-rates-by-25-bps-after-july-2024-meeting,25+ bps increase,3,True,2024-07-31T12:00:00Z,2024-06-12T18:38:57.890156Z,,2.95566357438834E+075,1,ok
11074,fed-interest-rates-july-2024,Fed Interest Rates: July 2024,fed-interest-rates,2024-07-31T12:00:00Z,2024-07-31T21:15:10Z,fed-increases-interest-rates-by-25-bps-after-july-2024-meeting,25+ bps increase,3,True,2024-07-31T12:00:00Z,2024-06-12T18:38:57.890156Z,,4.51887973913189E+076,1,ok
11696,fed-interest-rates-september-2024,Fed Interest Rates: September 2024,fed-interest-rates,2024-09-18T12:00:00Z,2024-09-18T21:24:56Z,fed-decreases-interest-rates-by-50-bps-after-september-2024-meeting,50+ bps decrease,0,True,2024-09-18T12:00:00Z,2024-07-25T14:47:42.952096Z,,1.06191328358577E+077,1,ok
11696,fed-interest-rates-september-2024,Fed Interest Rates: September 2024,fed-interest-rates,2024-09-18T12:00:00Z,2024-09-18T21:24:56Z,fed-decreases-interest-rates-by-50-bps-after-september-2024-meeting,50+ bps decrease,0,True,2024-09-18T12:00:00Z,2024-07-25T14:47:42.952096Z,,9.21412741616477E+075,1,ok
11696,fed-interest-rates-september-2024,Fed Interest Rates: September 2024,fed-interest-rates,2024-09-18T12:00:00Z,2024-09-18T21:24:56Z,fed-decreases-interest-rates-by-25-bps-after-september-2024-meeting,25 bps decrease,1,True,2024-09-18T12:00:00Z,2024-07-25T14:48:32.558007Z,,8.82444433600632E+076,1,ok
11696,fed-interest-rates-september-2024,Fed Interest Rates: September 2024,fed-interest-rates,2024-09-18T12:00:00Z,2024-09-18T21:24:56Z,fed-decreases-interest-rates-by-25-bps-after-september-2024-meeting,25 bps decrease,1,True,2024-09-18T12:00:00Z,2024-07-25T14:48:32.558007Z,,6.86708909695424E+076,1,ok
11696,fed-interest-rates-september-2024,Fed Interest Rates: September 2024,fed-interest-rates,2024-09-18T12:00:00Z,2024-09-18T21:24:56Z,no-change-in-fed-interest-rates-after-2024-september-meeting,No Change,2,True,2024-09-18T12:00:00Z,2024-07-25T14:49:06.609703Z,,8.92627221333879E+076,1,ok
11696,fed-interest-rates-september-2024,Fed Interest Rates: September 2024,fed-interest-rates,2024-09-18T12:00:00Z,2024-09-18T21:24:56Z,no-change-in-fed-interest-rates-after-2024-september-meeting,No Change,2,True,2024-09-18T12:00:00Z,2024-07-25T14:49:06.609703Z,,3.35079630706207E+076,1,ok
11696,fed-interest-rates-september-2024,Fed Interest Rates: September 2024,fed-interest-rates,2024-09-18T12:00:00Z,2024-09-18T21:24:56Z,fed-increases-interest-rates-by-25-bps-after-september-2024-meeting,25+ bps increase,3,True,2024-09-18T12:00:00Z,2024-07-25T14:50:10.874134Z,,9.58231786507273E+076,1,ok
11696,fed-interest-rates-september-2024,Fed Interest Rates: September 2024,fed-interest-rates,2024-09-18T12:00:00Z,2024-09-18T21:24:56Z,fed-increases-interest-rates-by-25-bps-after-september-2024-meeting,25+ bps increase,3,True,2024-09-18T12:00:00Z,2024-07-25T14:50:10.874134Z,,2.29753253641397E+076,1,ok
11827,fed-interest-rates-november-2024,Fed Interest Rates: November 2024,fed-interest-rates,2024-11-07T12:00:00Z,2024-11-07T23:00:02Z,fed-decreases-interest-rates-by-75-bps-after-november-2024-meeting,75+ bps decrease,0,True,2024-11-07T12:00:00Z,2024-08-02T19:28:58.198711Z,,7.6898974139299E+076,1,ok
11827,fed-interest-rates-november-2024,Fed Interest Rates: November 2024,fed-interest-rates,2024-11-07T12:00:00Z,2024-11-07T23:00:02Z,fed-decreases-interest-rates-by-75-bps-after-november-2024-meeting,75+ bps decrease,0,True,2024-11-07T12:00:00Z,2024-08-02T19:28:58.198711Z,,4.74701560492564E+076,1,ok
11827,fed-interest-rates-november-2024,Fed Interest Rates: November 2024,fed-interest-rates,2024-11-07T12:00:00Z,2024-11-07T23:00:02Z,fed-decreases-interest-rates-by-50-bps-after-november-2024-meeting,50 bps decrease,1,True,2024-11-07T12:00:00Z,2024-08-02T19:30:38.497246Z,,7.23739224846016E+076,1,ok
11827,fed-interest-rates-november-2024,Fed Interest Rates: November 2024,fed-interest-rates,2024-11-07T12:00:00Z,2024-11-07T23:00:02Z,fed-decreases-interest-rates-by-50-bps-after-november-2024-meeting,50 bps decrease,1,True,2024-11-07T12:00:00Z,2024-08-02T19:30:38.497246Z,,9.22491691403337E+076,1,ok
11827,fed-interest-rates-november-2024,Fed Interest Rates: November 2024,fed-interest-rates,2024-11-07T12:00:00Z,2024-11-07T23:00:02Z,fed-decreases-interest-rates-by-25-bps-after-november-2024-meeting,25 bps decrease,2,True,2024-11-07T12:00:00Z,2024-08-02T19:31:18.861489Z,,6.52969168225298E+076,1,ok
11827,fed-interest-rates-november-2024,Fed Interest Rates: November 2024,fed-interest-rates,2024-11-07T12:00:00Z,2024-11-07T23:00:02Z,fed-decreases-interest-rates-by-25-bps-after-november-2024-meeting,25 bps decrease,2,True,2024-11-07T12:00:00Z,2024-08-02T19:31:18.861489Z,,7.82385431105921E+076,1,ok
11827,fed-interest-rates-november-2024,Fed Interest Rates: November 2024,fed-interest-rates,2024-11-07T12:00:00Z,2024-11-07T23:00:02Z,no-change-in-fed-interest-rates-after-2024-november-meeting,No Change,3,True,2024-11-07T12:00:00Z,2024-08-02T19:35:38.051127Z,,9.96934531805734E+076,1,ok
11827,fed-interest-rates-november-2024,Fed Interest Rates: November 2024,fed-interest-rates,2024-11-07T12:00:00Z,2024-11-07T23:00:02Z,no-change-in-fed-interest-rates-after-2024-november-meeting,No Change,3,True,2024-11-07T12:00:00Z,2024-08-02T19:35:38.051127Z,,1.1550789553083E+077,1,ok
11827,fed-interest-rates-november-2024,Fed Interest Rates: November 2024,fed-interest-rates,2024-11-07T12:00:00Z,2024-11-07T23:00:02Z,fed-increases-interest-rates-by-25-bps-after-november-2024-meeting,25+ bps increase,4,True,2024-11-07T12:00:00Z,2024-08-02T19:36:17.448261Z,,3.76070877497721E+076,1,ok
11827,fed-interest-rates-november-2024,Fed Interest Rates: November 2024,fed-interest-rates,2024-11-07T12:00:00Z,2024-11-07T23:00:02Z,fed-increases-interest-rates-by-25-bps-after-november-2024-meeting,25+ bps increase,4,True,2024-11-07T12:00:00Z,2024-08-02T19:36:17.448261Z,,6.2906346854843E+076,1,ok
11827,fed-interest-rates-november-2024,Fed Interest Rates: November 2024,fed-interest-rates,2024-11-07T12:00:00Z,2024-11-07T23:00:02Z,will-the-fed-change-rates-to-another-level-after-nov-meeting,Other,5,True,2024-11-07T12:00:00Z,2024-09-18T18:03:17.068712Z,,6.12369148127654E+076,1,ok
11827,fed-interest-rates-november-2024,Fed Interest Rates: November 2024,fed-interest-rates,2024-11-07T12:00:00Z,2024-11-07T23:00:02Z,will-the-fed-change-rates-to-another-level-after-nov-meeting,Other,5,True,2024-11-07T12:00:00Z,2024-09-18T18:03:17.068712Z,,3.3143533540709E+076,1,ok
11878,fed-interest-rates-december-2024,Fed decision in December?,fed-interest-rates,2024-12-18T12:00:00Z,2024-12-18T22:34:46Z,fed-decreases-interest-rates-by-75-bps-after-december-2024-meeting,75+ bps decrease,0,True,2024-12-18T12:00:00Z,2024-08-06T16:06:01.725999Z,,3.83464280971732E+076,1,ok
11878,fed-interest-rates-december-2024,Fed decision in December?,fed-interest-rates,2024-12-18T12:00:00Z,2024-12-18T22:34:46Z,fed-decreases-interest-rates-by-75-bps-after-december-2024-meeting,75+ bps decrease,0,True,2024-12-18T12:00:00Z,2024-08-06T16:06:01.725999Z,,9.24812791776568E+076,1,ok
11878,fed-interest-rates-december-2024,Fed decision in December?,fed-interest-rates,2024-12-18T12:00:00Z,2024-12-18T22:34:46Z,fed-decreases-interest-rates-by-50-bps-after-december-2024-meeting,50 bps decrease,1,True,2024-12-18T12:00:00Z,2024-08-06T16:08:18.509642Z,,8.65145636507062E+076,1,ok
11878,fed-interest-rates-december-2024,Fed decision in December?,fed-interest-rates,2024-12-18T12:00:00Z,2024-12-18T22:34:46Z,fed-decreases-interest-rates-by-50-bps-after-december-2024-meeting,50 bps decrease,1,True,2024-12-18T12:00:00Z,2024-08-06T16:08:18.509642Z,,3.93187152593416E+074,1,ok
11878,fed-interest-rates-december-2024,Fed decision in December?,fed-interest-rates,2024-12-18T12:00:00Z,2024-12-18T22:34:46Z,fed-decreases-interest-rates-by-25-bps-after-december-2024-meeting,25 bps decrease,2,True,2024-12-18T12:00:00Z,2024-08-06T16:08:38.675523Z,,1.15678146420749E+076,1,ok
11878,fed-interest-rates-december-2024,Fed decision in December?,fed-interest-rates,2024-12-18T12:00:00Z,2024-12-18T22:34:46Z,fed-decreases-interest-rates-by-25-bps-after-december-2024-meeting,25 bps decrease,2,True,2024-12-18T12:00:00Z,2024-08-06T16:08:38.675523Z,,1.04624982332232E+077,1,ok
11878,fed-interest-rates-december-2024,Fed decision in December?,fed-interest-rates,2024-12-18T12:00:00Z,2024-12-18T22:34:46Z,no-change-in-fed-interest-rates-after-december-2024-meeting,No Change,3,True,2024-12-18T12:00:00Z,2024-08-06T16:09:17.291199Z,,4.04868457576495E+076,1,ok
11878,fed-interest-rates-december-2024,Fed decision in December?,fed-interest-rates,2024-12-18T12:00:00Z,2024-12-18T22:34:46Z,no-change-in-fed-interest-rates-after-december-2024-meeting,No Change,3,True,2024-12-18T12:00:00Z,2024-08-06T16:09:17.291199Z,,8.99831129944701E+076,1,ok
11878,fed-interest-rates-december-2024,Fed decision in December?,fed-interest-rates,2024-12-18T12:00:00Z,2024-12-18T22:34:46Z,fed-increases-interest-rates-by-25-bps-after-december-2024-meeting,25+ bps increase,4,True,2024-12-18T12:00:00Z,2024-08-06T16:10:13.881646Z,,2.39332413701281E+075,1,ok
11878,fed-interest-rates-december-2024,Fed decision in December?,fed-interest-rates,2024-12-18T12:00:00Z,2024-12-18T22:34:46Z,fed-increases-interest-rates-by-25-bps-after-december-2024-meeting,25+ bps increase,4,True,2024-12-18T12:00:00Z,2024-08-06T16:10:13.881646Z,,9.13171696100222E+076,1,ok
11878,fed-interest-rates-december-2024,Fed decision in December?,fed-interest-rates,2024-12-18T12:00:00Z,2024-12-18T22:34:46Z,will-the-fed-change-rates-to-another-level-after-december-meeting,Other,5,True,2024-12-18T12:00:00Z,2024-09-18T18:17:39.371819Z,,5.69467907366432E+075,1,ok
11878,fed-interest-rates-december-2024,Fed decision in December?,fed-interest-rates,2024-12-18T12:00:00Z,2024-12-18T22:34:46Z,will-the-fed-change-rates-to-another-level-after-december-meeting,Other,5,True,2024-12-18T12:00:00Z,2024-09-18T18:17:39.371819Z,,2.64978407691402E+076,1,ok
14220,fed-interest-rates-january-2025,Fed decision in January?,fed-interest-rates,2025-01-29T12:00:00Z,2025-01-29T23:03:08Z,fed-decreases-interest-rates-by-75-bps-after-january-2025-meeting,75+ bps decrease,0,True,2025-01-29T12:00:00Z,2024-11-07T21:09:40.268862Z,,6.25819136453488E+076,1,ok
14220,fed-interest-rates-january-2025,Fed decision in January?,fed-interest-rates,2025-01-29T12:00:00Z,2025-01-29T23:03:08Z,fed-decreases-interest-rates-by-75-bps-after-january-2025-meeting,75+ bps decrease,0,True,2025-01-29T12:00:00Z,2024-11-07T21:09:40.268862Z,,1.72363447851429E+076,1,ok
14220,fed-interest-rates-january-2025,Fed decision in January?,fed-interest-rates,2025-01-29T12:00:00Z,2025-01-29T23:03:08Z,fed-decreases-interest-rates-by-50-bps-after-january-2025-meeting,50 bps decrease,1,True,2025-01-29T12:00:00Z,2024-11-07T21:16:00.358677Z,,7.0018807773238E+076,1,ok
14220,fed-interest-rates-january-2025,Fed decision in January?,fed-interest-rates,2025-01-29T12:00:00Z,2025-01-29T23:03:08Z,fed-decreases-interest-rates-by-50-bps-after-january-2025-meeting,50 bps decrease,1,True,2025-01-29T12:00:00Z,2024-11-07T21:16:00.358677Z,,3.80408103364027E+076,1,ok
14220,fed-interest-rates-january-2025,Fed decision in January?,fed-interest-rates,2025-01-29T12:00:00Z,2025-01-29T23:03:08Z,fed-decreases-interest-rates-by-25-bps-after-january-2025-meeting,25 bps decrease,2,True,2025-01-29T12:00:00Z,2024-11-07T21:18:00.511997Z,,7.43852563652617E+076,1,ok
14220,fed-interest-rates-january-2025,Fed decision in January?,fed-interest-rates,2025-01-29T12:00:00Z,2025-01-29T23:03:08Z,fed-decreases-interest-rates-by-25-bps-after-january-2025-meeting,25 bps decrease,2,True,2025-01-29T12:00:00Z,2024-11-07T21:18:00.511997Z,,4.36764595480199E+076,1,ok
14220,fed-interest-rates-january-2025,Fed decision in January?,fed-interest-rates,2025-01-29T12:00:00Z,2025-01-29T23:03:08Z,no-change-in-fed-interest-rates-after-january-2025-meeting,No Change,3,True,2025-01-29T12:00:00Z,2024-11-07T21:20:49.045919Z,,7.1366065379284E+076,1,ok
14220,fed-interest-rates-january-2025,Fed decision in January?,fed-interest-rates,2025-01-29T12:00:00Z,2025-01-29T23:03:08Z,no-change-in-fed-interest-rates-after-january-2025-meeting,No Change,3,True,2025-01-29T12:00:00Z,2024-11-07T21:20:49.045919Z,,6.43003641930318E+076,1,ok
14220,fed-interest-rates-january-2025,Fed decision in January?,fed-interest-rates,2025-01-29T12:00:00Z,2025-01-29T23:03:08Z,fed-increases-interest-rates-by-25-bps-after-january-2025-meeting,25+ bps increase,4,True,2025-01-29T12:00:00Z,2024-11-07T21:23:20.91687Z,,2.17169256071006E+076,1,ok
14220,fed-interest-rates-january-2025,Fed decision in January?,fed-interest-rates,2025-01-29T12:00:00Z,2025-01-29T23:03:08Z,fed-increases-interest-rates-by-25-bps-after-january-2025-meeting,25+ bps increase,4,True,2025-01-29T12:00:00Z,2024-11-07T21:23:20.91687Z,,1.11910413422672E+077,1,ok
15665,fed-decision-in-march,Fed decision in March?,fed-interest-rates,2025-03-19T12:00:00Z,2025-03-19T21:36:45Z,fed-decreases-interest-rates-by-50-bps-after-march-2025-meeting,50+ bps decrease,0,True,2025-03-19T12:00:00Z,2024-12-18T19:56:14.466297Z,,5.95000439816383E+076,1,ok
15665,fed-decision-in-march,Fed decision in March?,fed-interest-rates,2025-03-19T12:00:00Z,2025-03-19T21:36:45Z,fed-decreases-interest-rates-by-50-bps-after-march-2025-meeting,50+ bps decrease,0,True,2025-03-19T12:00:00Z,2024-12-18T19:56:14.466297Z,,5.38272101228488E+076,1,ok
15665,fed-decision-in-march,Fed decision in March?,fed-interest-rates,2025-03-19T12:00:00Z,2025-03-19T21:36:45Z,fed-decreases-interest-rates-by-25-bps-after-march-2025-meeting,25 bps decrease,1,True,2025-03-19T12:00:00Z,2024-12-18T19:58:36.940604Z,,8.91165309789087E+076,1,ok
15665,fed-decision-in-march,Fed decision in March?,fed-interest-rates,2025-03-19T12:00:00Z,2025-03-19T21:36:45Z,fed-decreases-interest-rates-by-25-bps-after-march-2025-meeting,25 bps decrease,1,True,2025-03-19T12:00:00Z,2024-12-18T19:58:36.940604Z,,3.13610789535991E+076,1,ok
15665,fed-decision-in-march,Fed decision in March?,fed-interest-rates,2025-03-19T12:00:00Z,2025-03-19T21:36:45Z,no-change-in-fed-interest-rates-after-march-2025-meeting,No Change,2,True,2025-03-19T12:00:00Z,2024-12-18T20:02:35.317348Z,,3.69859523895071E+076,1,ok
15665,fed-decision-in-march,Fed decision in March?,fed-interest-rates,2025-03-19T12:00:00Z,2025-03-19T21:36:45Z,no-change-in-fed-interest-rates-after-march-2025-meeting,No Change,2,True,2025-03-19T12:00:00Z,2024-12-18T20:02:35.317348Z,,8.44045456656427E+076,1,ok
15665,fed-decision-in-march,Fed decision in March?,fed-interest-rates,2025-03-19T12:00:00Z,2025-03-19T21:36:45Z,fed-increases-interest-rates-by-25-bps-after-march-2025-meeting,25+ bps increase,3,True,2025-03-19T12:00:00Z,2024-12-18T20:03:56.900742Z,,5.67844197763136E+075,1,ok
15665,fed-decision-in-march,Fed decision in March?,fed-interest-rates,2025-03-19T12:00:00Z,2025-03-19T21:36:45Z,fed-increases-interest-rates-by-25-bps-after-march-2025-meeting,25+ bps increase,3,True,2025-03-19T12:00:00Z,2024-12-18T20:03:56.900742Z,,7.43840457179217E+076,1,ok
17140,fed-decision-in-may-2025,Fed decision in May?,fed-interest-rates,2025-05-07T12:00:00Z,2025-05-07T22:33:14Z,fed-decreases-interest-rates-by-50-bps-after-may-2025-meeting,50+ bps decrease,0,True,2025-05-07T12:00:00Z,2025-01-23T19:07:41.022079Z,,1.07949577692062E+076,1,ok
17140,fed-decision-in-may-2025,Fed decision in May?,fed-interest-rates,2025-05-07T12:00:00Z,2025-05-07T22:33:14Z,fed-decreases-interest-rates-by-50-bps-after-may-2025-meeting,50+ bps decrease,0,True,2025-05-07T12:00:00Z,2025-01-23T19:07:41.022079Z,,2.79816873908278E+076,1,ok
17140,fed-decision-in-may-2025,Fed decision in May?,fed-interest-rates,2025-05-07T12:00:00Z,2025-05-07T22:33:14Z,fed-decreases-interest-rates-by-25-bps-after-may-2025-meeting,25 bps decrease,1,True,2025-05-07T12:00:00Z,2025-01-23T19:07:41.305869Z,,2.67430530133714E+076,1,ok
17140,fed-decision-in-may-2025,Fed decision in May?,fed-interest-rates,2025-05-07T12:00:00Z,2025-05-07T22:33:14Z,fed-decreases-interest-rates-by-25-bps-after-may-2025-meeting,25 bps decrease,1,True,2025-05-07T12:00:00Z,2025-01-23T19:07:41.305869Z,,4.64273149826909E+076,1,ok
17140,fed-decision-in-may-2025,Fed decision in May?,fed-interest-rates,2025-05-07T12:00:00Z,2025-05-07T22:33:14Z,no-change-in-fed-interest-rates-after-may-2025-meeting,No change,2,True,2025-05-07T12:00:00Z,2025-01-23T19:07:41.675536Z,,1.19489772560496E+076,1,ok
17140,fed-decision-in-may-2025,Fed decision in May?,fed-interest-rates,2025-05-07T12:00:00Z,2025-05-07T22:33:14Z,no-change-in-fed-interest-rates-after-may-2025-meeting,No change,2,True,2025-05-07T12:00:00Z,2025-01-23T19:07:41.675536Z,,3.77514091680709E+076,1,ok
17140,fed-decision-in-may-2025,Fed decision in May?,fed-interest-rates,2025-05-07T12:00:00Z,2025-05-07T22:33:14Z,fed-increases-interest-rates-by-25-bps-after-may-2025-meeting,25+ bps increase,3,True,2025-05-07T12:00:00Z,2025-01-23T19:12:27.63675Z,,1.76104395231319E+076,1,ok
17140,fed-decision-in-may-2025,Fed decision in May?,fed-interest-rates,2025-05-07T12:00:00Z,2025-05-07T22:33:14Z,fed-increases-interest-rates-by-25-bps-after-may-2025-meeting,25+ bps increase,3,True,2025-05-07T12:00:00Z,2025-01-23T19:12:27.63675Z,,1.10884715026302E+077,1,ok
17792,fed-decision-in-june,Fed decision in June?,fed-interest-rates,2025-06-18T12:00:00Z,2025-06-18T21:18:38Z,fed-decreases-interest-rates-by-50-bps-after-june-2025-meeting,50+ bps decrease,0,True,2025-06-18T12:00:00Z,2025-02-04T21:57:44.947276Z,,1.13056471671081E+077,1,ok
17792,fed-decision-in-june,Fed decision in June?,fed-interest-rates,2025-06-18T12:00:00Z,2025-06-18T21:18:38Z,fed-decreases-interest-rates-by-50-bps-after-june-2025-meeting,50+ bps decrease,0,True,2025-06-18T12:00:00Z,2025-02-04T21:57:44.947276Z,,1.06470346400468E+077,1,ok
17792,fed-decision-in-june,Fed decision in June?,fed-interest-rates,2025-06-18T12:00:00Z,2025-06-18T21:18:38Z,fed-decreases-interest-rates-by-25-bps-after-june-2025-meeting,25 bps decrease,1,True,2025-06-18T12:00:00Z,2025-02-04T21:57:45.227112Z,,7.25900247262455E+076,1,ok
17792,fed-decision-in-june,Fed decision in June?,fed-interest-rates,2025-06-18T12:00:00Z,2025-06-18T21:18:38Z,fed-decreases-interest-rates-by-25-bps-after-june-2025-meeting,25 bps decrease,1,True,2025-06-18T12:00:00Z,2025-02-04T21:57:45.227112Z,,3.63907179363727E+076,1,ok
17792,fed-decision-in-june,Fed decision in June?,fed-interest-rates,2025-06-18T12:00:00Z,2025-06-18T21:18:38Z,no-change-in-fed-interest-rates-after-june-2025-meeting,No change,2,True,2025-06-18T12:00:00Z,2025-02-04T21:57:45.490441Z,,6.80466954722483E+076,1,ok
17792,fed-decision-in-june,Fed decision in June?,fed-interest-rates,2025-06-18T12:00:00Z,2025-06-18T21:18:38Z,no-change-in-fed-interest-rates-after-june-2025-meeting,No change,2,True,2025-06-18T12:00:00Z,2025-02-04T21:57:45.490441Z,,7.67169780610003E+076,1,ok
17792,fed-decision-in-june,Fed decision in June?,fed-interest-rates,2025-06-18T12:00:00Z,2025-06-18T21:18:38Z,fed-increases-interest-rates-by-25-bps-after-june-2025-meeting,25+ bps increase,3,True,2025-06-18T12:00:00Z,2025-02-04T21:57:45.734461Z,,5.37734966006232E+076,1,ok
17792,fed-decision-in-june,Fed decision in June?,fed-interest-rates,2025-06-18T12:00:00Z,2025-06-18T21:18:38Z,fed-increases-interest-rates-by-25-bps-after-june-2025-meeting,25+ bps increase,3,True,2025-06-18T12:00:00Z,2025-02-04T21:57:45.734461Z,,1.18133341336679E+075,1,ok
21255,fed-decision-in-july,Fed decision in July?,fed-interest-rates,2025-07-30T12:00:00Z,2025-07-30T21:10:09Z,fed-decreases-interest-rates-by-50-bps-after-july-2025-meeting,50+ bps decrease,0,True,2025-07-30T12:00:00Z,2025-03-19T19:32:15.916884Z,,1.70287885632759E+076,1,ok
21255,fed-decision-in-july,Fed decision in July?,fed-interest-rates,2025-07-30T12:00:00Z,2025-07-30T21:10:09Z,fed-decreases-interest-rates-by-50-bps-after-july-2025-meeting,50+ bps decrease,0,True,2025-07-30T12:00:00Z,2025-03-19T19:32:15.916884Z,,9.51664092490797E+076,1,ok
21255,fed-decision-in-july,Fed decision in July?,fed-interest-rates,2025-07-30T12:00:00Z,2025-07-30T21:10:09Z,fed-decreases-interest-rates-by-25-bps-after-july-2025-meeting,25 bps decrease,1,True,2025-07-30T12:00:00Z,2025-03-19T19:32:16.262451Z,,4.42748635948814E+076,1,ok
21255,fed-decision-in-july,Fed decision in July?,fed-interest-rates,2025-07-30T12:00:00Z,2025-07-30T21:10:09Z,fed-decreases-interest-rates-by-25-bps-after-july-2025-meeting,25 bps decrease,1,True,2025-07-30T12:00:00Z,2025-03-19T19:32:16.262451Z,,3.55828644060739E+076,1,ok
21255,fed-decision-in-july,Fed decision in July?,fed-interest-rates,2025-07-30T12:00:00Z,2025-07-30T21:10:09Z,no-change-in-fed-interest-rates-after-july-2025-meeting,No change,2,True,2025-07-30T12:00:00Z,2025-03-19T19:32:16.594619Z,,7.37936972759237E+076,1,ok
21255,fed-decision-in-july,Fed decision in July?,fed-interest-rates,2025-07-30T12:00:00Z,2025-07-30T21:10:09Z,no-change-in-fed-interest-rates-after-july-2025-meeting,No change,2,True,2025-07-30T12:00:00Z,2025-03-19T19:32:16.594619Z,,1.08985814621084E+077,1,ok
21255,fed-decision-in-july,Fed decision in July?,fed-interest-rates,2025-07-30T12:00:00Z,2025-07-30T21:10:09Z,fed-increases-interest-rates-by-25-bps-after-july-2025-meeting,25+ bps increase,3,True,2025-07-30T12:00:00Z,2025-03-19T19:32:16.924739Z,,1.00067677053695E+077,1,ok
21255,fed-decision-in-july,Fed decision in July?,fed-interest-rates,2025-07-30T12:00:00Z,2025-07-30T21:10:09Z,fed-increases-interest-rates-by-25-bps-after-july-2025-meeting,25+ bps increase,3,True,2025-07-30T12:00:00Z,2025-03-19T19:32:16.924739Z,,5.77969251292365E+076,1,ok
24087,fed-decision-in-september,Fed decision in September?,fed-interest-rates,2025-09-17T12:00:00Z,2025-09-17T21:27:42Z,fed-decreases-interest-rates-by-50-bps-after-september-2025-meeting,50+ bps decrease,0,True,2025-09-17T12:00:00Z,2025-05-07T21:42:49.58534Z,,7.98836469930734E+075,1,ok
24087,fed-decision-in-september,Fed decision in September?,fed-interest-rates,2025-09-17T12:00:00Z,2025-09-17T21:27:42Z,fed-decreases-interest-rates-by-50-bps-after-september-2025-meeting,50+ bps decrease,0,True,2025-09-17T12:00:00Z,2025-05-07T21:42:49.58534Z,,2.7120152309307E+076,1,ok
24087,fed-decision-in-september,Fed decision in September?,fed-interest-rates,2025-09-17T12:00:00Z,2025-09-17T21:27:42Z,fed-decreases-interest-rates-by-25-bps-after-september-2025-meeting,25 bps decrease,1,True,2025-09-17T12:00:00Z,2025-05-07T21:42:50.306627Z,,5.68310005322023E+076,1,ok
24087,fed-decision-in-september,Fed decision in September?,fed-interest-rates,2025-09-17T12:00:00Z,2025-09-17T21:27:42Z,fed-decreases-interest-rates-by-25-bps-after-september-2025-meeting,25 bps decrease,1,True,2025-09-17T12:00:00Z,2025-05-07T21:42:50.306627Z,,7.95539687148613E+076,1,ok
24087,fed-decision-in-september,Fed decision in September?,fed-interest-rates,2025-09-17T12:00:00Z,2025-09-17T21:27:42Z,no-change-in-fed-interest-rates-after-september-2025-meeting,No change,2,True,2025-09-17T12:00:00Z,2025-05-07T21:42:51.193297Z,,2.06875521792595E+076,1,ok
24087,fed-decision-in-september,Fed decision in September?,fed-interest-rates,2025-09-17T12:00:00Z,2025-09-17T21:27:42Z,no-change-in-fed-interest-rates-after-september-2025-meeting,No change,2,True,2025-09-17T12:00:00Z,2025-05-07T21:42:51.193297Z,,1.12366758121468E+077,1,ok
24087,fed-decision-in-september,Fed decision in September?,fed-interest-rates,2025-09-17T12:00:00Z,2025-09-17T21:27:42Z,fed-increases-interest-rates-by-25-bps-after-september-2025-meeting,25+ bps increase,3,True,2025-09-17T12:00:00Z,2025-05-07T21:42:51.90672Z,,9.70747640405885E+076,1,ok
24087,fed-decision-in-september,Fed decision in September?,fed-interest-rates,2025-09-17T12:00:00Z,2025-09-17T21:27:42Z,fed-increases-interest-rates-by-25-bps-after-september-2025-meeting,25+ bps increase,3,True,2025-09-17T12:00:00Z,2025-05-07T21:42:51.90672Z,,6.2835854561267E+076,1,ok
27824,fed-decision-in-october,Fed decision in October?,fed-interest-rates,2025-10-29T12:00:00Z,2025-10-31T03:33:31Z,fed-decreases-interest-rates-by-50-bps-after-october-2025-meeting,50+ bps decrease,0,True,2025-10-29T12:00:00Z,2025-06-19T16:29:54.616584Z,,5.66064809573889E+076,1,ok
27824,fed-decision-in-october,Fed decision in October?,fed-interest-rates,2025-10-29T12:00:00Z,2025-10-31T03:33:31Z,fed-decreases-interest-rates-by-50-bps-after-october-2025-meeting,50+ bps decrease,0,True,2025-10-29T12:00:00Z,2025-06-19T16:29:54.616584Z,,5.36767856367002E+076,1,ok
27824,fed-decision-in-october,Fed decision in October?,fed-interest-rates,2025-10-29T12:00:00Z,2025-10-31T03:33:31Z,fed-decreases-interest-rates-by-25-bps-after-october-2025-meeting,25 bps decrease,1,True,2025-10-29T12:00:00Z,2025-06-19T16:29:55.048359Z,,7.89703936752208E+076,1,ok
27824,fed-decision-in-october,Fed decision in October?,fed-interest-rates,2025-10-29T12:00:00Z,2025-10-31T03:33:31Z,fed-decreases-interest-rates-by-25-bps-after-october-2025-meeting,25 bps decrease,1,True,2025-10-29T12:00:00Z,2025-06-19T16:29:55.048359Z,,3.98433822230327E+076,1,ok
27824,fed-decision-in-october,Fed decision in October?,fed-interest-rates,2025-10-29T12:00:00Z,2025-10-31T03:33:31Z,no-change-in-fed-interest-rates-after-october-2025-meeting,No change,2,True,2025-10-29T12:00:00Z,2025-06-19T16:29:55.476652Z,,9.36494747450358E+076,1,ok
27824,fed-decision-in-october,Fed decision in October?,fed-interest-rates,2025-10-29T12:00:00Z,2025-10-31T03:33:31Z,no-change-in-fed-interest-rates-after-october-2025-meeting,No change,2,True,2025-10-29T12:00:00Z,2025-06-19T16:29:55.476652Z,,2.02485323122559E+076,1,ok
27824,fed-decision-in-october,Fed decision in October?,fed-interest-rates,2025-10-29T12:00:00Z,2025-10-31T03:33:31Z,fed-increases-interest-rates-by-25-bps-after-october-2025-meeting,25+ bps increase,3,True,2025-10-29T12:00:00Z,2025-06-19T16:29:55.888034Z,,6.01566256465696E+076,1,ok
27824,fed-decision-in-october,Fed decision in October?,fed-interest-rates,2025-10-29T12:00:00Z,2025-10-31T03:33:31Z,fed-increases-interest-rates-by-25-bps-after-october-2025-meeting,25+ bps increase,3,True,2025-10-29T12:00:00Z,2025-06-19T16:29:55.888034Z,,7.56623809105166E+076,1,ok
35090,fed-decision-in-december,Fed decision in December?,fed-interest-rates,2025-12-10T00:00:00Z,2025-12-10T22:18:48Z,fed-decreases-interest-rates-by-50-bps-after-december-2025-meeting,50+ bps decrease,0,True,2025-12-10T00:00:00Z,2025-07-31T19:28:08.091057Z,,7.4018646712473E+076,1,ok
35090,fed-decision-in-december,Fed decision in December?,fed-interest-rates,2025-12-10T00:00:00Z,2025-12-10T22:18:48Z,fed-decreases-interest-rates-by-50-bps-after-december-2025-meeting,50+ bps decrease,0,True,2025-12-10T00:00:00Z,2025-07-31T19:28:08.091057Z,,2.148977251641E+076,1,ok
35090,fed-decision-in-december,Fed decision in December?,fed-interest-rates,2025-12-10T00:00:00Z,2025-12-10T22:18:48Z,fed-decreases-interest-rates-by-25-bps-after-december-2025-meeting,25 bps decrease,1,True,2025-12-10T00:00:00Z,2025-07-31T19:28:08.60674Z,,8.77699910261149E+076,1,ok
35090,fed-decision-in-december,Fed decision in December?,fed-interest-rates,2025-12-10T00:00:00Z,2025-12-10T22:18:48Z,fed-decreases-interest-rates-by-25-bps-after-december-2025-meeting,25 bps decrease,1,True,2025-12-10T00:00:00Z,2025-07-31T19:28:08.60674Z,,1.34112840552736E+076,1,ok
35090,fed-decision-in-december,Fed decision in December?,fed-interest-rates,2025-12-10T00:00:00Z,2025-12-10T22:18:48Z,no-change-in-fed-interest-rates-after-december-2025-meeting,No change,2,True,2025-12-10T00:00:00Z,2025-07-31T19:28:09.10556Z,,8.07460589846443E+076,1,ok
35090,fed-decision-in-december,Fed decision in December?,fed-interest-rates,2025-12-10T00:00:00Z,2025-12-10T22:18:48Z,no-change-in-fed-interest-rates-after-december-2025-meeting,No change,2,True,2025-12-10T00:00:00Z,2025-07-31T19:28:09.10556Z,,8.59706820929098E+076,1,ok
35090,fed-decision-in-december,Fed decision in December?,fed-interest-rates,2025-12-10T00:00:00Z,2025-12-10T22:18:48Z,fed-increases-interest-rates-by-25-bps-after-december-2025-meeting,25+ bps increase,3,True,2025-12-10T00:00:00Z,2025-07-31T19:28:09.607045Z,,1.11653286751222E+077,1,ok
35090,fed-decision-in-december,Fed decision in December?,fed-interest-rates,2025-12-10T00:00:00Z,2025-12-10T22:18:48Z,fed-increases-interest-rates-by-25-bps-after-december-2025-meeting,25+ bps increase,3,True,2025-12-10T00:00:00Z,2025-07-31T19:28:09.607045Z,,8.32345388691105E+076,1,ok
45883,fed-decision-in-january,Fed decision in January?,fed-interest-rates,2026-01-28T00:00:00Z,2026-01-28T23:04:04Z,fed-decreases-interest-rates-by-50-bps-after-january-2026-meeting,50+ bps decrease,0,True,2026-01-28T00:00:00Z,2025-09-17T16:22:35.837625Z,,1.18621655667573E+076,1,ok
45883,fed-decision-in-january,Fed decision in January?,fed-interest-rates,2026-01-28T00:00:00Z,2026-01-28T23:04:04Z,fed-decreases-interest-rates-by-50-bps-after-january-2026-meeting,50+ bps decrease,0,True,2026-01-28T00:00:00Z,2025-09-17T16:22:35.837625Z,,7.14788527902791E+076,1,ok
45883,fed-decision-in-january,Fed decision in January?,fed-interest-rates,2026-01-28T00:00:00Z,2026-01-28T23:04:04Z,fed-decreases-interest-rates-by-25-bps-after-january-2026-meeting,25 bps decrease,1,True,2026-01-28T00:00:00Z,2025-09-17T16:22:37.437037Z,,9.27037616823225E+076,1,ok
45883,fed-decision-in-january,Fed decision in January?,fed-interest-rates,2026-01-28T00:00:00Z,2026-01-28T23:04:04Z,fed-decreases-interest-rates-by-25-bps-after-january-2026-meeting,25 bps decrease,1,True,2026-01-28T00:00:00Z,2025-09-17T16:22:37.437037Z,,4.81935216451137E+076,1,ok
45883,fed-decision-in-january,Fed decision in January?,fed-interest-rates,2026-01-28T00:00:00Z,2026-01-28T23:04:04Z,no-change-in-fed-interest-rates-after-january-2026-meeting,No change,2,True,2026-01-28T00:00:00Z,2025-09-17T16:22:38.693526Z,,1.12838095111462E+077,1,ok
45883,fed-decision-in-january,Fed decision in January?,fed-interest-rates,2026-01-28T00:00:00Z,2026-01-28T23:04:04Z,no-change-in-fed-interest-rates-after-january-2026-meeting,No change,2,True,2026-01-28T00:00:00Z,2025-09-17T16:22:38.693526Z,,7.32131807889106E+075,1,ok
45883,fed-decision-in-january,Fed decision in January?,fed-interest-rates,2026-01-28T00:00:00Z,2026-01-28T23:04:04Z,fed-increases-interest-rates-by-25-bps-after-january-2026-meeting,25+ bps increase,3,True,2026-01-28T00:00:00Z,2025-09-17T16:22:39.874792Z,,1.64196493540673E+076,1,ok
45883,fed-decision-in-january,Fed decision in January?,fed-interest-rates,2026-01-28T00:00:00Z,2026-01-28T23:04:04Z,fed-increases-interest-rates-by-25-bps-after-january-2026-meeting,25+ bps increase,3,True,2026-01-28T00:00:00Z,2025-09-17T16:22:39.874792Z,,4.2139849929574E+076,1,ok
67284,fed-decision-in-march-885,Fed decision in March?,fomc,2026-03-18T00:00:00Z,2026-03-18T21:19:03Z,will-the-fed-decrease-interest-rates-by-50-bps-after-the-march-2026-meeting,50+ bps decrease,0,True,2026-03-18T00:00:00Z,2025-10-28T20:58:04.772334Z,,4.65534555705645E+076,1,ok
67284,fed-decision-in-march-885,Fed decision in March?,fomc,2026-03-18T00:00:00Z,2026-03-18T21:19:03Z,will-the-fed-decrease-interest-rates-by-50-bps-after-the-march-2026-meeting,50+ bps decrease,0,True,2026-03-18T00:00:00Z,2025-10-28T20:58:04.772334Z,,4.84580750199571E+076,1,ok
67284,fed-decision-in-march-885,Fed decision in March?,fomc,2026-03-18T00:00:00Z,2026-03-18T21:19:03Z,will-the-fed-decrease-interest-rates-by-25-bps-after-the-march-2026-meeting,25 bps decrease,1,True,2026-03-18T00:00:00Z,2025-10-28T20:58:05.284418Z,,6.29380433657725E+076,1,ok
67284,fed-decision-in-march-885,Fed decision in March?,fomc,2026-03-18T00:00:00Z,2026-03-18T21:19:03Z,will-the-fed-decrease-interest-rates-by-25-bps-after-the-march-2026-meeting,25 bps decrease,1,True,2026-03-18T00:00:00Z,2025-10-28T20:58:05.284418Z,,8.9036168105179E+076,1,ok
67284,fed-decision-in-march-885,Fed decision in March?,fomc,2026-03-18T00:00:00Z,2026-03-18T21:19:03Z,will-there-be-no-change-in-fed-interest-rates-after-the-march-2026-meeting,No change,2,True,2026-03-18T00:00:00Z,2025-10-28T20:58:06.095309Z,,1.02559817034631E+077,1,ok
67284,fed-decision-in-march-885,Fed decision in March?,fomc,2026-03-18T00:00:00Z,2026-03-18T21:19:03Z,will-there-be-no-change-in-fed-interest-rates-after-the-march-2026-meeting,No change,2,True,2026-03-18T00:00:00Z,2025-10-28T20:58:06.095309Z,,1.14350083305516E+077,1,ok
67284,fed-decision-in-march-885,Fed decision in March?,fomc,2026-03-18T00:00:00Z,2026-03-18T21:19:03Z,will-the-fed-increase-interest-rates-by-25-bps-after-the-march-2026-meeting,25+ bps increase,3,True,2026-03-18T00:00:00Z,2025-10-28T20:58:06.700202Z,,5.40730863467346E+076,1,ok
67284,fed-decision-in-march-885,Fed decision in March?,fomc,2026-03-18T00:00:00Z,2026-03-18T21:19:03Z,will-the-fed-increase-interest-rates-by-25-bps-after-the-march-2026-meeting,25+ bps increase,3,True,2026-03-18T00:00:00Z,2025-10-28T20:58:06.700202Z,,1.11080671036126E+077,1,ok
75478,fed-decision-in-april,Fed decision in April?,fomc,2026-04-29T00:00:00Z,,will-the-fed-decrease-interest-rates-by-50-bps-after-the-april-2026-meeting,50+ bps decrease,0,False,2026-04-29T00:00:00Z,2025-11-07T16:55:40.993184Z,,1.86900499472428E+076,1,ok
75478,fed-decision-in-april,Fed decision in April?,fomc,2026-04-29T00:00:00Z,,will-the-fed-decrease-interest-rates-by-50-bps-after-the-april-2026-meeting,50+ bps decrease,0,False,2026-04-29T00:00:00Z,2025-11-07T16:55:40.993184Z,,4.4217754360634E+076,1,ok
75478,fed-decision-in-april,Fed decision in April?,fomc,2026-04-29T00:00:00Z,,will-the-fed-decrease-interest-rates-by-25-bps-after-the-april-2026-meeting,25 bps decrease,1,False,2026-04-29T00:00:00Z,2025-11-07T16:55:41.704037Z,,8.34791406513068E+076,1,ok
75478,fed-decision-in-april,Fed decision in April?,fomc,2026-04-29T00:00:00Z,,will-the-fed-decrease-interest-rates-by-25-bps-after-the-april-2026-meeting,25 bps decrease,1,False,2026-04-29T00:00:00Z,2025-11-07T16:55:41.704037Z,,8.61899051574027E+076,1,ok
75478,fed-decision-in-april,Fed decision in April?,fomc,2026-04-29T00:00:00Z,,will-there-be-no-change-in-fed-interest-rates-after-the-april-2026-meeting,No change,2,False,2026-04-29T00:00:00Z,2025-11-07T16:55:42.399266Z,,6.3586620628756E+076,1,ok
75478,fed-decision-in-april,Fed decision in April?,fomc,2026-04-29T00:00:00Z,,will-there-be-no-change-in-fed-interest-rates-after-the-april-2026-meeting,No change,2,False,2026-04-29T00:00:00Z,2025-11-07T16:55:42.399266Z,,3.17669355240587E+076,1,ok
75478,fed-decision-in-april,Fed decision in April?,fomc,2026-04-29T00:00:00Z,,will-the-fed-increase-interest-rates-by-25-bps-after-the-april-2026-meeting,25+ bps increase,3,False,2026-04-29T00:00:00Z,2025-11-07T16:55:43.000223Z,,9.55612214916072E+075,1,ok
75478,fed-decision-in-april,Fed decision in April?,fomc,2026-04-29T00:00:00Z,,will-the-fed-increase-interest-rates-by-25-bps-after-the-april-2026-meeting,25+ bps increase,3,False,2026-04-29T00:00:00Z,2025-11-07T16:55:43.000223Z,,3.06953561848767E+076,1,ok
101772,fed-decision-in-june-825,Fed Decision in June?,fomc,2026-06-17T00:00:00Z,,will-the-fed-decrease-interest-rates-by-50-bps-after-the-june-2026-meeting,50+ bps decrease,0,False,2026-06-17T00:00:00Z,2025-12-10T16:57:52.384504Z,,1.108845615683E+077,1,ok
101772,fed-decision-in-june-825,Fed Decision in June?,fomc,2026-06-17T00:00:00Z,,will-the-fed-decrease-interest-rates-by-50-bps-after-the-june-2026-meeting,50+ bps decrease,0,False,2026-06-17T00:00:00Z,2025-12-10T16:57:52.384504Z,,4.36572461441214E+076,1,ok
101772,fed-decision-in-june-825,Fed Decision in June?,fomc,2026-06-17T00:00:00Z,,will-the-fed-decrease-interest-rates-by-25-bps-after-the-june-2026-meeting,25 bps decrease,1,False,2026-06-17T00:00:00Z,2025-12-10T16:57:53.046799Z,,6.51932346666283E+076,1,ok
101772,fed-decision-in-june-825,Fed Decision in June?,fomc,2026-06-17T00:00:00Z,,will-the-fed-decrease-interest-rates-by-25-bps-after-the-june-2026-meeting,25 bps decrease,1,False,2026-06-17T00:00:00Z,2025-12-10T16:57:53.046799Z,,2.82902931400181E+076,1,ok
101772,fed-decision-in-june-825,Fed Decision in June?,fomc,2026-06-17T00:00:00Z,,will-there-be-no-change-in-fed-interest-rates-after-the-june-2026-meeting,No change,2,False,2026-06-17T00:00:00Z,2025-12-10T16:57:53.677378Z,,3.07678128413873E+076,1,ok
101772,fed-decision-in-june-825,Fed Decision in June?,fomc,2026-06-17T00:00:00Z,,will-there-be-no-change-in-fed-interest-rates-after-the-june-2026-meeting,No change,2,False,2026-06-17T00:00:00Z,2025-12-10T16:57:53.677378Z,,4.03029389560911E+076,1,ok
101772,fed-decision-in-june-825,Fed Decision in June?,fomc,2026-06-17T00:00:00Z,,will-the-fed-increase-interest-rates-by-25-bps-after-the-june-2026-meeting,25 bps increase,3,False,2026-06-17T00:00:00Z,2025-12-10T16:57:54.252791Z,,5.46885075658845E+076,1,ok
101772,fed-decision-in-june-825,Fed Decision in June?,fomc,2026-06-17T00:00:00Z,,will-the-fed-increase-interest-rates-by-25-bps-after-the-june-2026-meeting,25 bps increase,3,False,2026-06-17T00:00:00Z,2025-12-10T16:57:54.252791Z,,1.18606077723493E+076,1,ok
101772,fed-decision-in-june-825,Fed Decision in June?,fomc,2026-06-17T00:00:00Z,,will-the-fed-increase-interest-rates-by-50-bps-after-the-june-2026-meeting,50+ bps increase,4,False,2026-06-17T00:00:00Z,2025-12-10T16:57:54.92565Z,,1.10196865590033E+076,1,ok
101772,fed-decision-in-june-825,Fed Decision in June?,fomc,2026-06-17T00:00:00Z,,will-the-fed-increase-interest-rates-by-50-bps-after-the-june-2026-meeting,50+ bps increase,4,False,2026-06-17T00:00:00Z,2025-12-10T16:57:54.92565Z,,5.8879299945592E+076,1,ok
